Player_url,Player Img
https://www.nba.com/player/1630173/precious-achiuwa/,https://cdn.nba.com/headshots/nba/latest/260x190/1630173.png
https://www.nba.com/player/203500/steven-adams/,https://cdn.nba.com/headshots/nba/latest/260x190/203500.png
https://www.nba.com/player/1628389/bam-adebayo/,https://cdn.nba.com/headshots/nba/latest/260x190/1628389.png
https://www.nba.com/player/1630534/ochai-agbaji/,https://cdn.nba.com/headshots/nba/latest/260x190/1630534.png
https://www.nba.com/player/1630583/santi-aldama/,https://cdn.nba.com/headshots/nba/latest/260x190/1630583.png
https://www.nba.com/player/1641725/trey-alexander/,https://cdn.nba.com/headshots/nba/latest/260x190/1641725.png
https://www.nba.com/player/1629638/nickeil-alexander-walker/,https://cdn.nba.com/headshots/nba/latest/260x190/1629638.png
https://www.nba.com/player/1628960/grayson-allen/,https://cdn.nba.com/headshots/nba/latest/260x190/1628960.png
https://www.nba.com/player/1628386/jarrett-allen/,https://cdn.nba.com/headshots/nba/latest/260x190/1628386.png
https://www.nba.com/player/1630631/jose-alvarado/,https://cdn.nba.com/headshots/nba/latest/260x190/1630631.png
https://www.nba.com/player/203937/kyle-anderson/,https://cdn.nba.com/headshots/nba/latest/260x190/203937.png
https://www.nba.com/player/1630828/alex-antetokounmpo/,https://cdn.nba.com/headshots/nba/latest/260x190/1630828.png
https://www.nba.com/player/203507/giannis-antetokounmpo/,https://cdn.nba.com/headshots/nba/latest/260x190/203507.png
https://www.nba.com/player/203648/thanasis-antetokounmpo/,https://cdn.nba.com/headshots/nba/latest/260x190/203648.png
https://www.nba.com/player/1630175/cole-anthony/,https://cdn.nba.com/headshots/nba/latest/260x190/1630175.png
https://www.nba.com/player/1628384/og-anunoby/,https://cdn.nba.com/headshots/nba/latest/260x190/1628384.png
https://www.nba.com/player/1630166/deni-avdija/,https://cdn.nba.com/headshots/nba/latest/260x190/1630166.png
https://www.nba.com/player/1629028/deandre-ayton/,https://cdn.nba.com/headshots/nba/latest/260x190/1629028.png
https://www.nba.com/player/1628963/marvin-bagley-iii/,https://cdn.nba.com/headshots/nba/latest/260x190/1628963.png
https://www.nba.com/player/1642846/ace-bailey/,https://cdn.nba.com/headshots/nba/latest/260x190/1642846.png
https://www.nba.com/player/1642380/adama-bal/,https://cdn.nba.com/headshots/nba/latest/260x190/1642380.png
https://www.nba.com/player/1631116/patrick-baldwin-jr/,https://cdn.nba.com/headshots/nba/latest/260x190/1631116.png
https://www.nba.com/player/1630163/lamelo-ball/,https://cdn.nba.com/headshots/nba/latest/260x190/1630163.png
https://www.nba.com/player/1628366/lonzo-ball/,https://cdn.nba.com/headshots/nba/latest/260x190/1628366.png
https://www.nba.com/player/1628964/mo-bamba/,https://cdn.nba.com/headshots/nba/latest/260x190/1628964.png
https://www.nba.com/player/1631094/paolo-banchero/,https://cdn.nba.com/headshots/nba/latest/260x190/1631094.png
https://www.nba.com/player/1630217/desmond-bane/,https://cdn.nba.com/headshots/nba/latest/260x190/1630217.png
https://www.nba.com/player/1630625/dalano-banton/,https://cdn.nba.com/headshots/nba/latest/260x190/1630625.png
https://www.nba.com/player/1631230/dominick-barlow/,https://cdn.nba.com/headshots/nba/latest/260x190/1631230.png
https://www.nba.com/player/203084/harrison-barnes/,https://cdn.nba.com/headshots/nba/latest/260x190/203084.png
https://www.nba.com/player/1630567/scottie-barnes/,https://cdn.nba.com/headshots/nba/latest/260x190/1630567.png
https://www.nba.com/player/1642964/brooks-barnhizer/,https://cdn.nba.com/headshots/nba/latest/260x190/1642964.png
https://www.nba.com/player/1629628/rj-barrett/,https://cdn.nba.com/headshots/nba/latest/260x190/1629628.png
https://www.nba.com/player/1629646/charles-bassey/,https://cdn.nba.com/headshots/nba/latest/260x190/1629646.png
https://www.nba.com/player/1642419/jamison-battle/,https://cdn.nba.com/headshots/nba/latest/260x190/1642419.png
https://www.nba.com/player/201587/nicolas-batum/,https://cdn.nba.com/headshots/nba/latest/260x190/201587.png
https://www.nba.com/player/203078/bradley-beal/,https://cdn.nba.com/headshots/nba/latest/260x190/203078.png
https://www.nba.com/player/1630699/marjon-beauchamp/,https://cdn.nba.com/headshots/nba/latest/260x190/1630699.png
https://www.nba.com/player/1642866/joan-beringer/,https://cdn.nba.com/headshots/nba/latest/260x190/1642866.png
https://www.nba.com/player/1630180/saddiq-bey/,https://cdn.nba.com/headshots/nba/latest/260x190/1630180.png
https://www.nba.com/player/1629048/goga-bitadze/,https://cdn.nba.com/headshots/nba/latest/260x190/1629048.png
https://www.nba.com/player/202687/bismack-biyombo/,https://cdn.nba.com/headshots/nba/latest/260x190/202687.png
https://www.nba.com/player/1641710/anthony-black/,https://cdn.nba.com/headshots/nba/latest/260x190/1641710.png
https://www.nba.com/player/1641778/leaky-black/,https://cdn.nba.com/headshots/nba/latest/260x190/1641778.png
https://www.nba.com/player/1631205/buddy-boeheim/,https://cdn.nba.com/headshots/nba/latest/260x190/1631205.png
https://www.nba.com/player/203992/bogdan-bogdanovic/,https://cdn.nba.com/headshots/nba/latest/260x190/203992.png
https://www.nba.com/player/1641737/adem-bona/,https://cdn.nba.com/headshots/nba/latest/260x190/1641737.png
https://www.nba.com/player/1626164/devin-booker/,https://cdn.nba.com/headshots/nba/latest/260x190/1626164.png
https://www.nba.com/player/1628449/chris-boucher/,https://cdn.nba.com/headshots/nba/latest/260x190/1628449.png
https://www.nba.com/player/1631123/jamaree-bouyea/,https://cdn.nba.com/headshots/nba/latest/260x190/1631123.png
https://www.nba.com/player/1628396/tony-bradley/,https://cdn.nba.com/headshots/nba/latest/260x190/1628396.png
https://www.nba.com/player/1631103/malaki-branham/,https://cdn.nba.com/headshots/nba/latest/260x190/1631103.png
https://www.nba.com/player/1631128/christian-braun/,https://cdn.nba.com/headshots/nba/latest/260x190/1631128.png
https://www.nba.com/player/1642886/koby-brea/,https://cdn.nba.com/headshots/nba/latest/260x190/1642886.png
https://www.nba.com/player/1628969/mikal-bridges/,https://cdn.nba.com/headshots/nba/latest/260x190/1628969.png
https://www.nba.com/player/1628970/miles-bridges/,https://cdn.nba.com/headshots/nba/latest/260x190/1628970.png
https://www.nba.com/player/1628415/dillon-brooks/,https://cdn.nba.com/headshots/nba/latest/260x190/1628415.png
https://www.nba.com/player/1641780/johni-broome/,https://cdn.nba.com/headshots/nba/latest/260x190/1641780.png
https://www.nba.com/player/1628971/bruce-brown/,https://cdn.nba.com/headshots/nba/latest/260x190/1628971.png
https://www.nba.com/player/1642468/darius-brown/,https://cdn.nba.com/headshots/nba/latest/260x190/1642468.png
https://www.nba.com/player/1627759/jaylen-brown/,https://cdn.nba.com/headshots/nba/latest/260x190/1627759.png
https://www.nba.com/player/1641738/kobe-brown/,https://cdn.nba.com/headshots/nba/latest/260x190/1641738.png
https://www.nba.com/player/1628973/jalen-brunson/,https://cdn.nba.com/headshots/nba/latest/260x190/1628973.png
https://www.nba.com/player/1642868/carter-bryant/,https://cdn.nba.com/headshots/nba/latest/260x190/1642868.png
https://www.nba.com/player/1628418/thomas-bryant/,https://cdn.nba.com/headshots/nba/latest/260x190/1628418.png
https://www.nba.com/player/1641723/kobe-bufkin/,https://cdn.nba.com/headshots/nba/latest/260x190/1641723.png
https://www.nba.com/player/1631174/tyler-burton/,https://cdn.nba.com/headshots/nba/latest/260x190/1631174.png
https://www.nba.com/player/202710/jimmy-butler-iii/,https://cdn.nba.com/headshots/nba/latest/260x190/202710.png
https://www.nba.com/player/1641824/matas-buzelis/,https://cdn.nba.com/headshots/nba/latest/260x190/1641824.png
https://www.nba.com/player/1631288/jamal-cain/,https://cdn.nba.com/headshots/nba/latest/260x190/1631288.png
https://www.nba.com/player/203484/kentavious-caldwell-pope/,https://cdn.nba.com/headshots/nba/latest/260x190/203484.png
https://www.nba.com/player/1641739/toumani-camara/,https://cdn.nba.com/headshots/nba/latest/260x190/1641739.png
https://www.nba.com/player/203991/clint-capela/,https://cdn.nba.com/headshots/nba/latest/260x190/203991.png
https://www.nba.com/player/1642928/dylan-cardwell/,https://cdn.nba.com/headshots/nba/latest/260x190/1642928.png
https://www.nba.com/player/1642382/branden-carlson/,https://cdn.nba.com/headshots/nba/latest/260x190/1642382.png
https://www.nba.com/player/1642267/bub-carrington/,https://cdn.nba.com/headshots/nba/latest/260x190/1642267.png
https://www.nba.com/player/1642269/devin-carter/,https://cdn.nba.com/headshots/nba/latest/260x190/1642269.png
https://www.nba.com/player/1628975/jevon-carter/,https://cdn.nba.com/headshots/nba/latest/260x190/1628975.png
https://www.nba.com/player/1628976/wendell-carter-jr/,https://cdn.nba.com/headshots/nba/latest/260x190/1628976.png
https://www.nba.com/player/1627936/alex-caruso/,https://cdn.nba.com/headshots/nba/latest/260x190/1627936.png
https://www.nba.com/player/1642264/stephon-castle/,https://cdn.nba.com/headshots/nba/latest/260x190/1642264.png
https://www.nba.com/player/1630658/colin-castleton/,https://cdn.nba.com/headshots/nba/latest/260x190/1630658.png
https://www.nba.com/player/1630577/julian-champagnie/,https://cdn.nba.com/headshots/nba/latest/260x190/1630577.png
https://www.nba.com/player/1630551/justin-champagnie/,https://cdn.nba.com/headshots/nba/latest/260x190/1630551.png
https://www.nba.com/player/1631113/kennedy-chandler/,https://cdn.nba.com/headshots/nba/latest/260x190/1631113.png
https://www.nba.com/player/1642353/cam-christie/,https://cdn.nba.com/headshots/nba/latest/260x190/1642353.png
https://www.nba.com/player/1631108/max-christie/,https://cdn.nba.com/headshots/nba/latest/260x190/1631108.png
https://www.nba.com/player/1630619/moussa-cisse/,https://cdn.nba.com/headshots/nba/latest/260x190/1630619.png
https://www.nba.com/player/1631321/sidy-cissoko/,https://cdn.nba.com/headshots/nba/latest/260x190/1631321.png
https://www.nba.com/player/1641740/jaylen-clark/,https://cdn.nba.com/headshots/nba/latest/260x190/1641740.png
https://www.nba.com/player/1629634/brandon-clarke/,https://cdn.nba.com/headshots/nba/latest/260x190/1629634.png
https://www.nba.com/player/203903/jordan-clarkson/,https://cdn.nba.com/headshots/nba/latest/260x190/203903.png
https://www.nba.com/player/1629651/nic-claxton/,https://cdn.nba.com/headshots/nba/latest/260x190/1629651.png
https://www.nba.com/player/1642383/walter-clayton-jr/,https://cdn.nba.com/headshots/nba/latest/260x190/1642383.png
https://www.nba.com/player/1642363/nique-clifford/,https://cdn.nba.com/headshots/nba/latest/260x190/1642363.png
https://www.nba.com/player/1642270/donovan-clingan/,https://cdn.nba.com/headshots/nba/latest/260x190/1642270.png
https://www.nba.com/player/1641730/noah-clowney/,https://cdn.nba.com/headshots/nba/latest/260x190/1641730.png
https://www.nba.com/player/1629599/amir-coffey/,https://cdn.nba.com/headshots/nba/latest/260x190/1629599.png
https://www.nba.com/player/1642268/isaiah-collier/,https://cdn.nba.com/headshots/nba/latest/260x190/1642268.png
https://www.nba.com/player/1628381/john-collins/,https://cdn.nba.com/headshots/nba/latest/260x190/1628381.png
https://www.nba.com/player/1628380/zach-collins/,https://cdn.nba.com/headshots/nba/latest/260x190/1628380.png
https://www.nba.com/player/201144/mike-conley/,https://cdn.nba.com/headshots/nba/latest/260x190/201144.png
https://www.nba.com/player/1626192/pat-connaughton/,https://cdn.nba.com/headshots/nba/latest/260x190/1626192.png
https://www.nba.com/player/1631451/javonte-cooke/,https://cdn.nba.com/headshots/nba/latest/260x190/1631451.png
https://www.nba.com/player/1630536/sharife-cooper/,https://cdn.nba.com/headshots/nba/latest/260x190/1630536.png
https://www.nba.com/player/1641731/bilal-coulibaly/,https://cdn.nba.com/headshots/nba/latest/260x190/1641731.png
https://www.nba.com/player/1642907/cedric-coward/,https://cdn.nba.com/headshots/nba/latest/260x190/1642907.png
https://www.nba.com/player/1642384/isaiah-crawford/,https://cdn.nba.com/headshots/nba/latest/260x190/1642384.png
https://www.nba.com/player/1643018/lj-cryer/,https://cdn.nba.com/headshots/nba/latest/260x190/1643018.png
https://www.nba.com/player/1630595/cade-cunningham/,https://cdn.nba.com/headshots/nba/latest/260x190/1630595.png
https://www.nba.com/player/203552/seth-curry/,https://cdn.nba.com/headshots/nba/latest/260x190/203552.png
https://www.nba.com/player/201939/stephen-curry/,https://cdn.nba.com/headshots/nba/latest/260x190/201939.png
https://www.nba.com/player/1641783/tristan-da-silva/,https://cdn.nba.com/headshots/nba/latest/260x190/1641783.png
https://www.nba.com/player/1642359/pacome-dadiet/,https://cdn.nba.com/headshots/nba/latest/260x190/1642359.png
https://www.nba.com/player/1630700/dyson-daniels/,https://cdn.nba.com/headshots/nba/latest/260x190/1630700.png
https://www.nba.com/player/1642368/nfaly-dante/,https://cdn.nba.com/headshots/nba/latest/260x190/1642368.png
https://www.nba.com/player/203076/anthony-davis/,https://cdn.nba.com/headshots/nba/latest/260x190/203076.png
https://www.nba.com/player/1631120/jd-davison/,https://cdn.nba.com/headshots/nba/latest/260x190/1631120.png
https://www.nba.com/player/1642856/egor-demin/,https://cdn.nba.com/headshots/nba/latest/260x190/1642856.png
https://www.nba.com/player/1642484/rayj-dennis/,https://cdn.nba.com/headshots/nba/latest/260x190/1642484.png
https://www.nba.com/player/201942/demar-derozan/,https://cdn.nba.com/headshots/nba/latest/260x190/201942.png
https://www.nba.com/player/1631217/moussa-diabate/,https://cdn.nba.com/headshots/nba/latest/260x190/1631217.png
https://www.nba.com/player/1642885/mohamed-diawara/,https://cdn.nba.com/headshots/nba/latest/260x190/1642885.png
https://www.nba.com/player/1641711/gradey-dick/,https://cdn.nba.com/headshots/nba/latest/260x190/1641711.png
https://www.nba.com/player/1630621/hunter-dickinson/,https://cdn.nba.com/headshots/nba/latest/260x190/1630621.png
https://www.nba.com/player/1631172/ousmane-dieng/,https://cdn.nba.com/headshots/nba/latest/260x190/1631172.png
https://www.nba.com/player/1642265/rob-dillingham/,https://cdn.nba.com/headshots/nba/latest/260x190/1642265.png
https://www.nba.com/player/1628978/donte-divincenzo/,https://cdn.nba.com/headshots/nba/latest/260x190/1628978.png
https://www.nba.com/player/1629029/luka-doncic/,https://cdn.nba.com/headshots/nba/latest/260x190/1629029.png
https://www.nba.com/player/1629652/luguentz-dort/,https://cdn.nba.com/headshots/nba/latest/260x190/1629652.png
https://www.nba.com/player/1630245/ayo-dosunmu/,https://cdn.nba.com/headshots/nba/latest/260x190/1630245.png
https://www.nba.com/player/203083/andre-drummond/,https://cdn.nba.com/headshots/nba/latest/260x190/203083.png
https://www.nba.com/player/1627739/kris-dunn/,https://cdn.nba.com/headshots/nba/latest/260x190/1627739.png
https://www.nba.com/player/1642346/ryan-dunn/,https://cdn.nba.com/headshots/nba/latest/260x190/1642346.png
https://www.nba.com/player/201142/kevin-durant/,https://cdn.nba.com/headshots/nba/latest/260x190/201142.png
https://www.nba.com/player/1631105/jalen-duren/,https://cdn.nba.com/headshots/nba/latest/260x190/1631105.png
https://www.nba.com/player/1631106/tari-eason/,https://cdn.nba.com/headshots/nba/latest/260x190/1631106.png
https://www.nba.com/player/1641744/zach-edey/,https://cdn.nba.com/headshots/nba/latest/260x190/1641744.png
https://www.nba.com/player/1642845/vj-edgecombe/,https://cdn.nba.com/headshots/nba/latest/260x190/1642845.png
https://www.nba.com/player/1630162/anthony-edwards/,https://cdn.nba.com/headshots/nba/latest/260x190/1630162.png
https://www.nba.com/player/1642348/justin-edwards/,https://cdn.nba.com/headshots/nba/latest/260x190/1642348.png
https://www.nba.com/player/1631165/keon-ellis/,https://cdn.nba.com/headshots/nba/latest/260x190/1631165.png
https://www.nba.com/player/203954/joel-embiid/,https://cdn.nba.com/headshots/nba/latest/260x190/203954.png
https://www.nba.com/player/1642400/tristan-enaruna/,https://cdn.nba.com/headshots/nba/latest/260x190/1642400.png
https://www.nba.com/player/1642855/noa-essengue/,https://cdn.nba.com/headshots/nba/latest/260x190/1642855.png
https://www.nba.com/player/1630623/tyson-etienne/,https://cdn.nba.com/headshots/nba/latest/260x190/1630623.png
https://www.nba.com/player/1629234/drew-eubanks/,https://cdn.nba.com/headshots/nba/latest/260x190/1629234.png
https://www.nba.com/player/1641787/tosan-evbuomwan/,https://cdn.nba.com/headshots/nba/latest/260x190/1641787.png
https://www.nba.com/player/1642847/jeremiah-fears/,https://cdn.nba.com/headshots/nba/latest/260x190/1642847.png
https://www.nba.com/player/1642271/kyle-filipowski/,https://cdn.nba.com/headshots/nba/latest/260x190/1642271.png
https://www.nba.com/player/1627827/dorian-finney-smith/,https://cdn.nba.com/headshots/nba/latest/260x190/1627827.png
https://www.nba.com/player/1642843/cooper-flagg/,https://cdn.nba.com/headshots/nba/latest/260x190/1642843.png
https://www.nba.com/player/1642853/rasheer-fleming/,https://cdn.nba.com/headshots/nba/latest/260x190/1642853.png
https://www.nba.com/player/1642280/trentyn-flowers/,https://cdn.nba.com/headshots/nba/latest/260x190/1642280.png
https://www.nba.com/player/1631323/simone-fontecchio/,https://cdn.nba.com/headshots/nba/latest/260x190/1631323.png
https://www.nba.com/player/1628368/deaaron-fox/,https://cdn.nba.com/headshots/nba/latest/260x190/1628368.png
https://www.nba.com/player/1642402/enrique-freeman/,https://cdn.nba.com/headshots/nba/latest/260x190/1642402.png
https://www.nba.com/player/1628365/markelle-fultz/,https://cdn.nba.com/headshots/nba/latest/260x190/1628365.png
https://www.nba.com/player/1642277/johnny-furphy/,https://cdn.nba.com/headshots/nba/latest/260x190/1642277.png
https://www.nba.com/player/1629655/daniel-gafford/,https://cdn.nba.com/headshots/nba/latest/260x190/1629655.png
https://www.nba.com/player/1643158/andersson-garcia/,https://cdn.nba.com/headshots/nba/latest/260x190/1643158.png
https://www.nba.com/player/1642066/myron-gardner/,https://cdn.nba.com/headshots/nba/latest/260x190/1642066.png
https://www.nba.com/player/1629636/darius-garland/,https://cdn.nba.com/headshots/nba/latest/260x190/1629636.png
https://www.nba.com/player/1630568/luka-garza/,https://cdn.nba.com/headshots/nba/latest/260x190/1630568.png
https://www.nba.com/player/1641718/keyonte-george/,https://cdn.nba.com/headshots/nba/latest/260x190/1641718.png
https://www.nba.com/player/1642273/kyshawn-george/,https://cdn.nba.com/headshots/nba/latest/260x190/1642273.png
https://www.nba.com/player/202331/paul-george/,https://cdn.nba.com/headshots/nba/latest/260x190/202331.png
https://www.nba.com/player/201959/taj-gibson/,https://cdn.nba.com/headshots/nba/latest/260x190/201959.png
https://www.nba.com/player/1630581/josh-giddey/,https://cdn.nba.com/headshots/nba/latest/260x190/1630581.png
https://www.nba.com/player/1642933/keshon-gilbert/,https://cdn.nba.com/headshots/nba/latest/260x190/1642933.png
https://www.nba.com/player/1628983/shai-gilgeous-alexander/,https://cdn.nba.com/headshots/nba/latest/260x190/1628983.png
https://www.nba.com/player/1630264/anthony-gill/,https://cdn.nba.com/headshots/nba/latest/260x190/1630264.png
https://www.nba.com/player/1631221/collin-gillespie/,https://cdn.nba.com/headshots/nba/latest/260x190/1631221.png
https://www.nba.com/player/203497/rudy-gobert/,https://cdn.nba.com/headshots/nba/latest/260x190/203497.png
https://www.nba.com/player/1642884/vladislav-goldin/,https://cdn.nba.com/headshots/nba/latest/260x190/1642884.png
https://www.nba.com/player/1642864/hugo-gonzalez/,https://cdn.nba.com/headshots/nba/latest/260x190/1642864.png
https://www.nba.com/player/1630692/jordan-goodwin/,https://cdn.nba.com/headshots/nba/latest/260x190/1630692.png
https://www.nba.com/player/203932/aaron-gordon/,https://cdn.nba.com/headshots/nba/latest/260x190/203932.png
https://www.nba.com/player/201569/eric-gordon/,https://cdn.nba.com/headshots/nba/latest/260x190/201569.png
https://www.nba.com/player/203924/jerami-grant/,https://cdn.nba.com/headshots/nba/latest/260x190/203924.png
https://www.nba.com/player/1643060/hayden-gray/,https://cdn.nba.com/headshots/nba/latest/260x190/1643060.png
https://www.nba.com/player/1631260/aj-green/,https://cdn.nba.com/headshots/nba/latest/260x190/1631260.png
https://www.nba.com/player/203110/draymond-green/,https://cdn.nba.com/headshots/nba/latest/260x190/203110.png
https://www.nba.com/player/1630224/jalen-green/,https://cdn.nba.com/headshots/nba/latest/260x190/1630224.png
https://www.nba.com/player/1629750/javonte-green/,https://cdn.nba.com/headshots/nba/latest/260x190/1629750.png
https://www.nba.com/player/201145/jeff-green/,https://cdn.nba.com/headshots/nba/latest/260x190/201145.png
https://www.nba.com/player/1630182/josh-green/,https://cdn.nba.com/headshots/nba/latest/260x190/1630182.png
https://www.nba.com/player/1629656/quentin-grimes/,https://cdn.nba.com/headshots/nba/latest/260x190/1629656.png
https://www.nba.com/player/1631338/mouhamadou-gueye/,https://cdn.nba.com/headshots/nba/latest/260x190/1631338.png
https://www.nba.com/player/1631243/mouhamed-gueye/,https://cdn.nba.com/headshots/nba/latest/260x190/1631243.png
https://www.nba.com/player/1629060/rui-hachimura/,https://cdn.nba.com/headshots/nba/latest/260x190/1629060.png
https://www.nba.com/player/1630169/tyrese-haliburton/,https://cdn.nba.com/headshots/nba/latest/260x190/1630169.png
https://www.nba.com/player/1641790/pj-hall/,https://cdn.nba.com/headshots/nba/latest/260x190/1641790.png
https://www.nba.com/player/203501/tim-hardaway-jr/,https://cdn.nba.com/headshots/nba/latest/260x190/203501.png
https://www.nba.com/player/201935/james-harden/,https://cdn.nba.com/headshots/nba/latest/260x190/201935.png
https://www.nba.com/player/1630702/jaden-hardy/,https://cdn.nba.com/headshots/nba/latest/260x190/1630702.png
https://www.nba.com/player/1641989/elijah-harkless/,https://cdn.nba.com/headshots/nba/latest/260x190/1641989.png
https://www.nba.com/player/1642844/dylan-harper/,https://cdn.nba.com/headshots/nba/latest/260x190/1642844.png
https://www.nba.com/player/1631199/ron-harper-jr/,https://cdn.nba.com/headshots/nba/latest/260x190/1631199.png
https://www.nba.com/player/203914/gary-harris/,https://cdn.nba.com/headshots/nba/latest/260x190/203914.png
https://www.nba.com/player/202699/tobias-harris/,https://cdn.nba.com/headshots/nba/latest/260x190/202699.png
https://www.nba.com/player/1628404/josh-hart/,https://cdn.nba.com/headshots/nba/latest/260x190/1628404.png
https://www.nba.com/player/1628392/isaiah-hartenstein/,https://cdn.nba.com/headshots/nba/latest/260x190/1628392.png
https://www.nba.com/player/1630573/sam-hauser/,https://cdn.nba.com/headshots/nba/latest/260x190/1630573.png
https://www.nba.com/player/1641722/jordan-hawkins/,https://cdn.nba.com/headshots/nba/latest/260x190/1641722.png
https://www.nba.com/player/1629637/jaxson-hayes/,https://cdn.nba.com/headshots/nba/latest/260x190/1629637.png
https://www.nba.com/player/1630165/killian-hayes/,https://cdn.nba.com/headshots/nba/latest/260x190/1630165.png
https://www.nba.com/player/1628502/nigel-hayes-davis/,https://cdn.nba.com/headshots/nba/latest/260x190/1628502.png
https://www.nba.com/player/1630703/scoot-henderson/,https://cdn.nba.com/headshots/nba/latest/260x190/1630703.png
https://www.nba.com/player/1641707/taylor-hendricks/,https://cdn.nba.com/headshots/nba/latest/260x190/1641707.png
https://www.nba.com/player/1642935/chucky-hepburn/,https://cdn.nba.com/headshots/nba/latest/260x190/1642935.png
https://www.nba.com/player/1629639/tyler-herro/,https://cdn.nba.com/headshots/nba/latest/260x190/1629639.png
https://www.nba.com/player/1627741/buddy-hield/,https://cdn.nba.com/headshots/nba/latest/260x190/1627741.png
https://www.nba.com/player/1629312/haywood-highsmith/,https://cdn.nba.com/headshots/nba/latest/260x190/1629312.png
https://www.nba.com/player/1642396/blake-hinson/,https://cdn.nba.com/headshots/nba/latest/260x190/1642396.png
https://www.nba.com/player/1628988/aaron-holiday/,https://cdn.nba.com/headshots/nba/latest/260x190/1628988.png
https://www.nba.com/player/201950/jrue-holiday/,https://cdn.nba.com/headshots/nba/latest/260x190/201950.png
https://www.nba.com/player/1641842/ronald-holland-ii/,https://cdn.nba.com/headshots/nba/latest/260x190/1641842.png
https://www.nba.com/player/1641747/daron-holmes-ii/,https://cdn.nba.com/headshots/nba/latest/260x190/1641747.png
https://www.nba.com/player/1631096/chet-holmgren/,https://cdn.nba.com/headshots/nba/latest/260x190/1631096.png
https://www.nba.com/player/201143/al-horford/,https://cdn.nba.com/headshots/nba/latest/260x190/201143.png
https://www.nba.com/player/1631216/caleb-houstan/,https://cdn.nba.com/headshots/nba/latest/260x190/1631216.png
https://www.nba.com/player/1641724/jett-howard/,https://cdn.nba.com/headshots/nba/latest/260x190/1641724.png
https://www.nba.com/player/1628989/kevin-huerter/,https://cdn.nba.com/headshots/nba/latest/260x190/1628989.png
https://www.nba.com/player/1630643/jay-huff/,https://cdn.nba.com/headshots/nba/latest/260x190/1630643.png
https://www.nba.com/player/1630574/ariel-hukporti/,https://cdn.nba.com/headshots/nba/latest/260x190/1630574.png
https://www.nba.com/player/1629631/deandre-hunter/,https://cdn.nba.com/headshots/nba/latest/260x190/1629631.png
https://www.nba.com/player/1643047/cj-huntley/,https://cdn.nba.com/headshots/nba/latest/260x190/1643047.png
https://www.nba.com/player/1630538/bones-hyland/,https://cdn.nba.com/headshots/nba/latest/260x190/1630538.png
https://www.nba.com/player/1642345/oso-ighodaro/,https://cdn.nba.com/headshots/nba/latest/260x190/1642345.png
https://www.nba.com/player/204060/joe-ingles/,https://cdn.nba.com/headshots/nba/latest/260x190/204060.png
https://www.nba.com/player/1627742/brandon-ingram/,https://cdn.nba.com/headshots/nba/latest/260x190/1627742.png
https://www.nba.com/player/1631127/harrison-ingram/,https://cdn.nba.com/headshots/nba/latest/260x190/1631127.png
https://www.nba.com/player/202681/kyrie-irving/,https://cdn.nba.com/headshots/nba/latest/260x190/202681.png
https://www.nba.com/player/1628371/jonathan-isaac/,https://cdn.nba.com/headshots/nba/latest/260x190/1628371.png
https://www.nba.com/player/1631093/jaden-ivey/,https://cdn.nba.com/headshots/nba/latest/260x190/1631093.png
https://www.nba.com/player/1641713/gg-jackson/,https://cdn.nba.com/headshots/nba/latest/260x190/1641713.png
https://www.nba.com/player/1630543/isaiah-jackson/,https://cdn.nba.com/headshots/nba/latest/260x190/1630543.png
https://www.nba.com/player/1631245/quenton-jackson/,https://cdn.nba.com/headshots/nba/latest/260x190/1631245.png
https://www.nba.com/player/1641748/andre-jackson-jr/,https://cdn.nba.com/headshots/nba/latest/260x190/1641748.png
https://www.nba.com/player/1628991/jaren-jackson-jr/,https://cdn.nba.com/headshots/nba/latest/260x190/1628991.png
https://www.nba.com/player/1631218/trayce-jackson-davis/,https://cdn.nba.com/headshots/nba/latest/260x190/1631218.png
https://www.nba.com/player/1642857/kasparas-jakucionis/,https://cdn.nba.com/headshots/nba/latest/260x190/1642857.png
https://www.nba.com/player/1642355/bronny-james/,https://cdn.nba.com/headshots/nba/latest/260x190/1642355.png
https://www.nba.com/player/2544/lebron-james/,https://cdn.nba.com/headshots/nba/latest/260x190/2544.png
https://www.nba.com/player/1642883/sion-james/,https://cdn.nba.com/headshots/nba/latest/260x190/1642883.png
https://www.nba.com/player/1631170/jaime-jaquez-jr/,https://cdn.nba.com/headshots/nba/latest/260x190/1631170.png
https://www.nba.com/player/1630610/dejon-jarreau/,https://cdn.nba.com/headshots/nba/latest/260x190/1630610.png
https://www.nba.com/player/1629610/daquan-jeffries/,https://cdn.nba.com/headshots/nba/latest/260x190/1629610.png
https://www.nba.com/player/1641998/trey-jemison-iii/,https://cdn.nba.com/headshots/nba/latest/260x190/1641998.png
https://www.nba.com/player/1642450/daniss-jenkins/,https://cdn.nba.com/headshots/nba/latest/260x190/1642450.png
https://www.nba.com/player/1629660/ty-jerome/,https://cdn.nba.com/headshots/nba/latest/260x190/1629660.png
https://www.nba.com/player/1630198/isaiah-joe/,https://cdn.nba.com/headshots/nba/latest/260x190/1630198.png
https://www.nba.com/player/1642358/aj-johnson/,https://cdn.nba.com/headshots/nba/latest/260x190/1642358.png
https://www.nba.com/player/1629661/cameron-johnson/,https://cdn.nba.com/headshots/nba/latest/260x190/1629661.png
https://www.nba.com/player/1643052/chaney-johnson/,https://cdn.nba.com/headshots/nba/latest/260x190/1643052.png
https://www.nba.com/player/1630552/jalen-johnson/,https://cdn.nba.com/headshots/nba/latest/260x190/1630552.png
https://www.nba.com/player/1629640/keldon-johnson/,https://cdn.nba.com/headshots/nba/latest/260x190/1629640.png
https://www.nba.com/player/1642352/keshad-johnson/,https://cdn.nba.com/headshots/nba/latest/260x190/1642352.png
https://www.nba.com/player/1642848/tre-johnson/,https://cdn.nba.com/headshots/nba/latest/260x190/1642848.png
https://www.nba.com/player/203999/nikola-jokic/,https://cdn.nba.com/headshots/nba/latest/260x190/203999.png
https://www.nba.com/player/1641732/colby-jones/,https://cdn.nba.com/headshots/nba/latest/260x190/1641732.png
https://www.nba.com/player/1642938/curtis-jones/,https://cdn.nba.com/headshots/nba/latest/260x190/1642938.png
https://www.nba.com/player/1641794/dillon-jones/,https://cdn.nba.com/headshots/nba/latest/260x190/1641794.png
https://www.nba.com/player/1630529/herbert-jones/,https://cdn.nba.com/headshots/nba/latest/260x190/1630529.png
https://www.nba.com/player/1642403/isaac-jones/,https://cdn.nba.com/headshots/nba/latest/260x190/1642403.png
https://www.nba.com/player/1642880/kam-jones/,https://cdn.nba.com/headshots/nba/latest/260x190/1642880.png
https://www.nba.com/player/1642461/spencer-jones/,https://cdn.nba.com/headshots/nba/latest/260x190/1642461.png
https://www.nba.com/player/1630200/tre-jones/,https://cdn.nba.com/headshots/nba/latest/260x190/1630200.png
https://www.nba.com/player/1626145/tyus-jones/,https://cdn.nba.com/headshots/nba/latest/260x190/1626145.png
https://www.nba.com/player/1642357/david-jones-garcia/,https://cdn.nba.com/headshots/nba/latest/260x190/1642357.png
https://www.nba.com/player/1627884/derrick-jones-jr/,https://cdn.nba.com/headshots/nba/latest/260x190/1627884.png
https://www.nba.com/player/201599/deandre-jordan/,https://cdn.nba.com/headshots/nba/latest/260x190/201599.png
https://www.nba.com/player/1631107/nikola-jovic/,https://cdn.nba.com/headshots/nba/latest/260x190/1631107.png
https://www.nba.com/player/1630548/johnny-juzang/,https://cdn.nba.com/headshots/nba/latest/260x190/1630548.png
https://www.nba.com/player/1641750/ryan-kalkbrenner/,https://cdn.nba.com/headshots/nba/latest/260x190/1641750.png
https://www.nba.com/player/1642530/yuki-kawamura/,https://cdn.nba.com/headshots/nba/latest/260x190/1642530.png
https://www.nba.com/player/1631211/trevor-keels/,https://cdn.nba.com/headshots/nba/latest/260x190/1631211.png
https://www.nba.com/player/1642939/miles-kelly/,https://cdn.nba.com/headshots/nba/latest/260x190/1642939.png
https://www.nba.com/player/1628379/luke-kennard/,https://cdn.nba.com/headshots/nba/latest/260x190/1628379.png
https://www.nba.com/player/1643257/jayson-kent/,https://cdn.nba.com/headshots/nba/latest/260x190/1643257.png
https://www.nba.com/player/1631117/walker-kessler/,https://cdn.nba.com/headshots/nba/latest/260x190/1631117.png
https://www.nba.com/player/1630557/corey-kispert/,https://cdn.nba.com/headshots/nba/latest/260x190/1630557.png
https://www.nba.com/player/1628467/maxi-kleber/,https://cdn.nba.com/headshots/nba/latest/260x190/1628467.png
https://www.nba.com/player/1641752/bobi-klintman/,https://cdn.nba.com/headshots/nba/latest/260x190/1641752.png
https://www.nba.com/player/1642261/dalton-knecht/,https://cdn.nba.com/headshots/nba/latest/260x190/1642261.png
https://www.nba.com/player/1642851/kon-knueppel/,https://cdn.nba.com/headshots/nba/latest/260x190/1642851.png
https://www.nba.com/player/1642278/tyler-kolek/,https://cdn.nba.com/headshots/nba/latest/260x190/1642278.png
https://www.nba.com/player/1631132/christian-koloko/,https://cdn.nba.com/headshots/nba/latest/260x190/1631132.png
https://www.nba.com/player/1629723/john-konchar/,https://cdn.nba.com/headshots/nba/latest/260x190/1629723.png
https://www.nba.com/player/1628436/luke-kornet/,https://cdn.nba.com/headshots/nba/latest/260x190/1628436.png
https://www.nba.com/player/1630249/vit-krejci/,https://cdn.nba.com/headshots/nba/latest/260x190/1630249.png
https://www.nba.com/player/1630228/jonathan-kuminga/,https://cdn.nba.com/headshots/nba/latest/260x190/1630228.png
https://www.nba.com/player/1628398/kyle-kuzma/,https://cdn.nba.com/headshots/nba/latest/260x190/1628398.png
https://www.nba.com/player/1627746/skal-labissiere/,https://cdn.nba.com/headshots/nba/latest/260x190/1627746.png
https://www.nba.com/player/1629111/jock-landale/,https://cdn.nba.com/headshots/nba/latest/260x190/1629111.png
https://www.nba.com/player/1642404/chaz-lanier/,https://cdn.nba.com/headshots/nba/latest/260x190/1642404.png
https://www.nba.com/player/1631222/jake-laravia/,https://cdn.nba.com/headshots/nba/latest/260x190/1631222.png
https://www.nba.com/player/1641796/pelle-larsson/,https://cdn.nba.com/headshots/nba/latest/260x190/1641796.png
https://www.nba.com/player/203897/zach-lavine/,https://cdn.nba.com/headshots/nba/latest/260x190/203897.png
https://www.nba.com/player/1630639/aj-lawson/,https://cdn.nba.com/headshots/nba/latest/260x190/1630639.png
https://www.nba.com/player/202695/kawhi-leonard/,https://cdn.nba.com/headshots/nba/latest/260x190/202695.png
https://www.nba.com/player/1642502/malevy-leons/,https://cdn.nba.com/headshots/nba/latest/260x190/1642502.png
https://www.nba.com/player/1627747/caris-levert/,https://cdn.nba.com/headshots/nba/latest/260x190/1627747.png
https://www.nba.com/player/1630604/ej-liddell/,https://cdn.nba.com/headshots/nba/latest/260x190/1630604.png
https://www.nba.com/player/203081/damian-lillard/,https://cdn.nba.com/headshots/nba/latest/260x190/203081.png
https://www.nba.com/player/1641726/dereck-lively-ii/,https://cdn.nba.com/headshots/nba/latest/260x190/1641726.png
https://www.nba.com/player/1630587/isaiah-livers/,https://cdn.nba.com/headshots/nba/latest/260x190/1630587.png
https://www.nba.com/player/1641753/chris-livingston/,https://cdn.nba.com/headshots/nba/latest/260x190/1641753.png
https://www.nba.com/player/1626172/kevon-looney/,https://cdn.nba.com/headshots/nba/latest/260x190/1626172.png
https://www.nba.com/player/201572/brook-lopez/,https://cdn.nba.com/headshots/nba/latest/260x190/201572.png
https://www.nba.com/player/1631126/caleb-love/,https://cdn.nba.com/headshots/nba/latest/260x190/1631126.png
https://www.nba.com/player/201567/kevin-love/,https://cdn.nba.com/headshots/nba/latest/260x190/201567.png
https://www.nba.com/player/1643133/lawson-lovering/,https://cdn.nba.com/headshots/nba/latest/260x190/1643133.png
https://www.nba.com/player/200768/kyle-lowry/,https://cdn.nba.com/headshots/nba/latest/260x190/200768.png
https://www.nba.com/player/1642863/khaman-maluach/,https://cdn.nba.com/headshots/nba/latest/260x190/1642863.png
https://www.nba.com/player/1630572/sandro-mamukelashvili/,https://cdn.nba.com/headshots/nba/latest/260x190/1630572.png
https://www.nba.com/player/1629611/terance-mann/,https://cdn.nba.com/headshots/nba/latest/260x190/1629611.png
https://www.nba.com/player/1630544/tre-mann/,https://cdn.nba.com/headshots/nba/latest/260x190/1630544.png
https://www.nba.com/player/1643024/chris-manon/,https://cdn.nba.com/headshots/nba/latest/260x190/1643024.png
https://www.nba.com/player/1628374/lauri-markkanen/,https://cdn.nba.com/headshots/nba/latest/260x190/1628374.png
https://www.nba.com/player/1630230/naji-marshall/,https://cdn.nba.com/headshots/nba/latest/260x190/1630230.png
https://www.nba.com/player/1642918/alijah-martin/,https://cdn.nba.com/headshots/nba/latest/260x190/1642918.png
https://www.nba.com/player/1628997/caleb-martin/,https://cdn.nba.com/headshots/nba/latest/260x190/1628997.png
https://www.nba.com/player/1628998/cody-martin/,https://cdn.nba.com/headshots/nba/latest/260x190/1628998.png
https://www.nba.com/player/1631213/tyrese-martin/,https://cdn.nba.com/headshots/nba/latest/260x190/1631213.png
https://www.nba.com/player/1642942/jahmai-mashack/,https://cdn.nba.com/headshots/nba/latest/260x190/1642942.png
https://www.nba.com/player/1629726/garrison-mathews/,https://cdn.nba.com/headshots/nba/latest/260x190/1629726.png
https://www.nba.com/player/1631097/bennedict-mathurin/,https://cdn.nba.com/headshots/nba/latest/260x190/1631097.png
https://www.nba.com/player/1631255/karlo-matkovic/,https://cdn.nba.com/headshots/nba/latest/260x190/1631255.png
https://www.nba.com/player/1630178/tyrese-maxey/,https://cdn.nba.com/headshots/nba/latest/260x190/1630178.png
https://www.nba.com/player/1643016/bez-mbeng/,https://cdn.nba.com/headshots/nba/latest/260x190/1643016.png
https://www.nba.com/player/1630540/miles-mcbride/,https://cdn.nba.com/headshots/nba/latest/260x190/1630540.png
https://www.nba.com/player/1642272/jared-mccain/,https://cdn.nba.com/headshots/nba/latest/260x190/1642272.png
https://www.nba.com/player/1630644/mac-mcclung/,https://cdn.nba.com/headshots/nba/latest/260x190/1630644.png
https://www.nba.com/player/203468/cj-mccollum/,https://cdn.nba.com/headshots/nba/latest/260x190/203468.png
https://www.nba.com/player/204456/tj-mcconnell/,https://cdn.nba.com/headshots/nba/latest/260x190/204456.png
https://www.nba.com/player/1641755/kevin-mccullar-jr/,https://cdn.nba.com/headshots/nba/latest/260x190/1641755.png
https://www.nba.com/player/1630183/jaden-mcdaniels/,https://cdn.nba.com/headshots/nba/latest/260x190/1630183.png
https://www.nba.com/player/203926/doug-mcdermott/,https://cdn.nba.com/headshots/nba/latest/260x190/203926.png
https://www.nba.com/player/1631121/bryce-mcgowens/,https://cdn.nba.com/headshots/nba/latest/260x190/1631121.png
https://www.nba.com/player/1629162/jordan-mclaughlin/,https://cdn.nba.com/headshots/nba/latest/260x190/1629162.png
https://www.nba.com/player/1642862/liam-mcneeley/,https://cdn.nba.com/headshots/nba/latest/260x190/1642862.png
https://www.nba.com/player/1629001/deanthony-melton/,https://cdn.nba.com/headshots/nba/latest/260x190/1629001.png
https://www.nba.com/player/1630241/sam-merrill/,https://cdn.nba.com/headshots/nba/latest/260x190/1630241.png
https://www.nba.com/player/203114/khris-middleton/,https://cdn.nba.com/headshots/nba/latest/260x190/203114.png
https://www.nba.com/player/1641706/brandon-miller/,https://cdn.nba.com/headshots/nba/latest/260x190/1641706.png
https://www.nba.com/player/1641801/emanuel-miller/,https://cdn.nba.com/headshots/nba/latest/260x190/1641801.png
https://www.nba.com/player/1641757/jordan-miller/,https://cdn.nba.com/headshots/nba/latest/260x190/1641757.png
https://www.nba.com/player/1631159/leonard-miller/,https://cdn.nba.com/headshots/nba/latest/260x190/1631159.png
https://www.nba.com/player/1642434/riley-minix/,https://cdn.nba.com/headshots/nba/latest/260x190/1642434.png
https://www.nba.com/player/1631169/josh-minott/,https://cdn.nba.com/headshots/nba/latest/260x190/1631169.png
https://www.nba.com/player/1642274/yves-missi/,https://cdn.nba.com/headshots/nba/latest/260x190/1642274.png
https://www.nba.com/player/1642349/ajay-mitchell/,https://cdn.nba.com/headshots/nba/latest/260x190/1642349.png
https://www.nba.com/player/1630558/davion-mitchell/,https://cdn.nba.com/headshots/nba/latest/260x190/1630558.png
https://www.nba.com/player/1628378/donovan-mitchell/,https://cdn.nba.com/headshots/nba/latest/260x190/1628378.png
https://www.nba.com/player/1630596/evan-mobley/,https://cdn.nba.com/headshots/nba/latest/260x190/1630596.png
https://www.nba.com/player/1642367/jonathan-mogbo/,https://cdn.nba.com/headshots/nba/latest/260x190/1642367.png
https://www.nba.com/player/1628370/malik-monk/,https://cdn.nba.com/headshots/nba/latest/260x190/1628370.png
https://www.nba.com/player/1630541/moses-moody/,https://cdn.nba.com/headshots/nba/latest/260x190/1630541.png
https://www.nba.com/player/1631111/wendell-moore-jr/,https://cdn.nba.com/headshots/nba/latest/260x190/1631111.png
https://www.nba.com/player/1631457/alex-morales/,https://cdn.nba.com/headshots/nba/latest/260x190/1631457.png
https://www.nba.com/player/1629630/ja-morant/,https://cdn.nba.com/headshots/nba/latest/260x190/1629630.png
https://www.nba.com/player/1628420/monte-morris/,https://cdn.nba.com/headshots/nba/latest/260x190/1628420.png
https://www.nba.com/player/1630530/trey-murphy-iii/,https://cdn.nba.com/headshots/nba/latest/260x190/1630530.png
https://www.nba.com/player/1627749/dejounte-murray/,https://cdn.nba.com/headshots/nba/latest/260x190/1627749.png
https://www.nba.com/player/1627750/jamal-murray/,https://cdn.nba.com/headshots/nba/latest/260x190/1627750.png
https://www.nba.com/player/1631099/keegan-murray/,https://cdn.nba.com/headshots/nba/latest/260x190/1631099.png
https://www.nba.com/player/1631200/kris-murray/,https://cdn.nba.com/headshots/nba/latest/260x190/1631200.png
https://www.nba.com/player/1642867/collin-murray-boyles/,https://cdn.nba.com/headshots/nba/latest/260x190/1642867.png
https://www.nba.com/player/1629004/svi-mykhailiuk/,https://cdn.nba.com/headshots/nba/latest/260x190/1629004.png
https://www.nba.com/player/1631250/pete-nance/,https://cdn.nba.com/headshots/nba/latest/260x190/1631250.png
https://www.nba.com/player/1626204/larry-nance-jr/,https://cdn.nba.com/headshots/nba/latest/260x190/1626204.png
https://www.nba.com/player/1641761/grant-nelson/,https://cdn.nba.com/headshots/nba/latest/260x190/1641761.png
https://www.nba.com/player/1629614/andrew-nembhard/,https://cdn.nba.com/headshots/nba/latest/260x190/1629614.png
https://www.nba.com/player/1642948/ryan-nembhard/,https://cdn.nba.com/headshots/nba/latest/260x190/1642948.png
https://www.nba.com/player/1630174/aaron-nesmith/,https://cdn.nba.com/headshots/nba/latest/260x190/1630174.png
https://www.nba.com/player/1642854/asa-newell/,https://cdn.nba.com/headshots/nba/latest/260x190/1642854.png
https://www.nba.com/player/1641803/tristen-newton/,https://cdn.nba.com/headshots/nba/latest/260x190/1641803.png
https://www.nba.com/player/1642949/yanic-konan-niederhauser/,https://cdn.nba.com/headshots/nba/latest/260x190/1642949.png
https://www.nba.com/player/1630192/zeke-nnaji/,https://cdn.nba.com/headshots/nba/latest/260x190/1630192.png
https://www.nba.com/player/203994/jusuf-nurkic/,https://cdn.nba.com/headshots/nba/latest/260x190/203994.png
https://www.nba.com/player/1642490/josh-oduro/,https://cdn.nba.com/headshots/nba/latest/260x190/1642490.png
https://www.nba.com/player/1643253/toby-okani/,https://cdn.nba.com/headshots/nba/latest/260x190/1643253.png
https://www.nba.com/player/1629006/josh-okogie/,https://cdn.nba.com/headshots/nba/latest/260x190/1629006.png
https://www.nba.com/player/1630168/onyeka-okongwu/,https://cdn.nba.com/headshots/nba/latest/260x190/1630168.png
https://www.nba.com/player/1630171/isaac-okoro/,https://cdn.nba.com/headshots/nba/latest/260x190/1630171.png
https://www.nba.com/player/1642950/lachlan-olbrich/,https://cdn.nba.com/headshots/nba/latest/260x190/1642950.png
https://www.nba.com/player/203482/kelly-olynyk/,https://cdn.nba.com/headshots/nba/latest/260x190/203482.png
https://www.nba.com/player/1641807/norchad-omier/,https://cdn.nba.com/headshots/nba/latest/260x190/1641807.png
https://www.nba.com/player/1626220/royce-oneale/,https://cdn.nba.com/headshots/nba/latest/260x190/1626220.png
https://www.nba.com/player/1626162/kelly-oubre-jr/,https://cdn.nba.com/headshots/nba/latest/260x190/1626162.png
https://www.nba.com/player/101108/chris-paul/,https://cdn.nba.com/headshots/nba/latest/260x190/101108.png
https://www.nba.com/player/1626166/cameron-payne/,https://cdn.nba.com/headshots/nba/latest/260x190/1626166.png
https://www.nba.com/player/1627780/gary-payton-ii/,https://cdn.nba.com/headshots/nba/latest/260x190/1627780.png
https://www.nba.com/player/1642877/micah-peavy/,https://cdn.nba.com/headshots/nba/latest/260x190/1642877.png
https://www.nba.com/player/1642951/sean-pedulla/,https://cdn.nba.com/headshots/nba/latest/260x190/1642951.png
https://www.nba.com/player/1642869/noah-penda/,https://cdn.nba.com/headshots/nba/latest/260x190/1642869.png
https://www.nba.com/player/1643007/taelon-peter/,https://cdn.nba.com/headshots/nba/latest/260x190/1643007.png
https://www.nba.com/player/1641809/drew-peterson/,https://cdn.nba.com/headshots/nba/latest/260x190/1641809.png
https://www.nba.com/player/1641763/julian-phillips/,https://cdn.nba.com/headshots/nba/latest/260x190/1641763.png
https://www.nba.com/player/1629618/jalen-pickett/,https://cdn.nba.com/headshots/nba/latest/260x190/1629618.png
https://www.nba.com/player/1630590/scotty-pippen-jr/,https://cdn.nba.com/headshots/nba/latest/260x190/1630590.png
https://www.nba.com/player/1631342/daeqwon-plowden/,https://cdn.nba.com/headshots/nba/latest/260x190/1631342.png
https://www.nba.com/player/203486/mason-plumlee/,https://cdn.nba.com/headshots/nba/latest/260x190/203486.png
https://www.nba.com/player/1641764/brandin-podziemski/,https://cdn.nba.com/headshots/nba/latest/260x190/1641764.png
https://www.nba.com/player/1627751/jakob-poeltl/,https://cdn.nba.com/headshots/nba/latest/260x190/1627751.png
https://www.nba.com/player/1629673/jordan-poole/,https://cdn.nba.com/headshots/nba/latest/260x190/1629673.png
https://www.nba.com/player/1641854/craig-porter-jr/,https://cdn.nba.com/headshots/nba/latest/260x190/1641854.png
https://www.nba.com/player/1629645/kevin-porter-jr/,https://cdn.nba.com/headshots/nba/latest/260x190/1629645.png
https://www.nba.com/player/1629008/michael-porter-jr/,https://cdn.nba.com/headshots/nba/latest/260x190/1629008.png
https://www.nba.com/player/1626171/bobby-portis/,https://cdn.nba.com/headshots/nba/latest/260x190/1626171.png
https://www.nba.com/player/204001/kristaps-porzingis/,https://cdn.nba.com/headshots/nba/latest/260x190/204001.png
https://www.nba.com/player/1642366/quinten-post/,https://cdn.nba.com/headshots/nba/latest/260x190/1642366.png
https://www.nba.com/player/1630695/micah-potter/,https://cdn.nba.com/headshots/nba/latest/260x190/1630695.png
https://www.nba.com/player/1642967/john-poulakidas/,https://cdn.nba.com/headshots/nba/latest/260x190/1642967.png
https://www.nba.com/player/1642962/drake-powell/,https://cdn.nba.com/headshots/nba/latest/260x190/1642962.png
https://www.nba.com/player/203939/dwight-powell/,https://cdn.nba.com/headshots/nba/latest/260x190/203939.png
https://www.nba.com/player/1626181/norman-powell/,https://cdn.nba.com/headshots/nba/latest/260x190/1626181.png
https://www.nba.com/player/1627752/taurean-prince/,https://cdn.nba.com/headshots/nba/latest/260x190/1627752.png
https://www.nba.com/player/1630202/payton-pritchard/,https://cdn.nba.com/headshots/nba/latest/260x190/1630202.png
https://www.nba.com/player/1642878/tyrese-proctor/,https://cdn.nba.com/headshots/nba/latest/260x190/1642878.png
https://www.nba.com/player/1641765/olivier-maxence-prosper/,https://cdn.nba.com/headshots/nba/latest/260x190/1641765.png
https://www.nba.com/player/1642389/zyon-pullin/,https://cdn.nba.com/headshots/nba/latest/260x190/1642389.png
https://www.nba.com/player/1642852/derik-queen/,https://cdn.nba.com/headshots/nba/latest/260x190/1642852.png
https://www.nba.com/player/1629674/neemias-queta/,https://cdn.nba.com/headshots/nba/latest/260x190/1629674.png
https://www.nba.com/player/1630193/immanuel-quickley/,https://cdn.nba.com/headshots/nba/latest/260x190/1630193.png
https://www.nba.com/player/203944/julius-randle/,https://cdn.nba.com/headshots/nba/latest/260x190/203944.png
https://www.nba.com/player/1642875/maxime-raynaud/,https://cdn.nba.com/headshots/nba/latest/260x190/1642875.png
https://www.nba.com/player/1641871/duop-reath/,https://cdn.nba.com/headshots/nba/latest/260x190/1641871.png
https://www.nba.com/player/1630559/austin-reaves/,https://cdn.nba.com/headshots/nba/latest/260x190/1630559.png
https://www.nba.com/player/1630194/paul-reed/,https://cdn.nba.com/headshots/nba/latest/260x190/1630194.png
https://www.nba.com/player/1642882/julian-reese/,https://cdn.nba.com/headshots/nba/latest/260x190/1642882.png
https://www.nba.com/player/1641810/antonio-reeves/,https://cdn.nba.com/headshots/nba/latest/260x190/1641810.png
https://www.nba.com/player/1629675/naz-reid/,https://cdn.nba.com/headshots/nba/latest/260x190/1629675.png
https://www.nba.com/player/1642954/will-richard/,https://cdn.nba.com/headshots/nba/latest/260x190/1642954.png
https://www.nba.com/player/1630208/nick-richards/,https://cdn.nba.com/headshots/nba/latest/260x190/1630208.png
https://www.nba.com/player/1642859/jase-richardson/,https://cdn.nba.com/headshots/nba/latest/260x190/1642859.png
https://www.nba.com/player/1642955/kadary-richmond/,https://cdn.nba.com/headshots/nba/latest/260x190/1642955.png
https://www.nba.com/player/1642860/will-riley/,https://cdn.nba.com/headshots/nba/latest/260x190/1642860.png
https://www.nba.com/player/1642258/zaccharie-risacher/,https://cdn.nba.com/headshots/nba/latest/260x190/1642258.png
https://www.nba.com/player/1629130/duncan-robinson/,https://cdn.nba.com/headshots/nba/latest/260x190/1629130.png
https://www.nba.com/player/1629011/mitchell-robinson/,https://cdn.nba.com/headshots/nba/latest/260x190/1629011.png
https://www.nba.com/player/1631115/orlando-robinson/,https://cdn.nba.com/headshots/nba/latest/260x190/1631115.png
https://www.nba.com/player/1630526/jeremiah-robinson-earl/,https://cdn.nba.com/headshots/nba/latest/260x190/1630526.png
https://www.nba.com/player/1631223/david-roddy/,https://cdn.nba.com/headshots/nba/latest/260x190/1631223.png
https://www.nba.com/player/1631157/ryan-rollins/,https://cdn.nba.com/headshots/nba/latest/260x190/1631157.png
https://www.nba.com/player/1641712/rayan-rupert/,https://cdn.nba.com/headshots/nba/latest/260x190/1641712.png
https://www.nba.com/player/1626156/dangelo-russell/,https://cdn.nba.com/headshots/nba/latest/260x190/1626156.png
https://www.nba.com/player/1642504/cormac-ryan/,https://cdn.nba.com/headshots/nba/latest/260x190/1642504.png
https://www.nba.com/player/1627734/domantas-sabonis/,https://cdn.nba.com/headshots/nba/latest/260x190/1627734.png
https://www.nba.com/player/1642275/tidjane-salaun/,https://cdn.nba.com/headshots/nba/latest/260x190/1642275.png
https://www.nba.com/player/1642282/hunter-sallis/,https://cdn.nba.com/headshots/nba/latest/260x190/1642282.png
https://www.nba.com/player/1642920/kobe-sanders/,https://cdn.nba.com/headshots/nba/latest/260x190/1642920.png
https://www.nba.com/player/1642362/payton-sandfort/,https://cdn.nba.com/headshots/nba/latest/260x190/1642362.png
https://www.nba.com/player/1630611/gui-santos/,https://cdn.nba.com/headshots/nba/latest/260x190/1630611.png
https://www.nba.com/player/1642879/ben-saraf/,https://cdn.nba.com/headshots/nba/latest/260x190/1642879.png
https://www.nba.com/player/203967/dario-saric/,https://cdn.nba.com/headshots/nba/latest/260x190/203967.png
https://www.nba.com/player/1642259/alex-sarr/,https://cdn.nba.com/headshots/nba/latest/260x190/1642259.png
https://www.nba.com/player/1630846/olivier-sarr/,https://cdn.nba.com/headshots/nba/latest/260x190/1630846.png
https://www.nba.com/player/1631204/marcus-sasser/,https://cdn.nba.com/headshots/nba/latest/260x190/1631204.png
https://www.nba.com/player/1631248/baylor-scheierman/,https://cdn.nba.com/headshots/nba/latest/260x190/1631248.png
https://www.nba.com/player/203471/dennis-schroder/,https://cdn.nba.com/headshots/nba/latest/260x190/203471.png
https://www.nba.com/player/1630286/trevon-scott/,https://cdn.nba.com/headshots/nba/latest/260x190/1630286.png
https://www.nba.com/player/1641813/mark-sears/,https://cdn.nba.com/headshots/nba/latest/260x190/1641813.png
https://www.nba.com/player/1630578/alperen-sengun/,https://cdn.nba.com/headshots/nba/latest/260x190/1630578.png
https://www.nba.com/player/1641729/brice-sensabaugh/,https://cdn.nba.com/headshots/nba/latest/260x190/1641729.png
https://www.nba.com/player/1629012/collin-sexton/,https://cdn.nba.com/headshots/nba/latest/260x190/1629012.png
https://www.nba.com/player/1629013/landry-shamet/,https://cdn.nba.com/headshots/nba/latest/260x190/1629013.png
https://www.nba.com/player/1630545/terrence-shannon-jr/,https://cdn.nba.com/headshots/nba/latest/260x190/1630545.png
https://www.nba.com/player/1630549/dayron-sharpe/,https://cdn.nba.com/headshots/nba/latest/260x190/1630549.png
https://www.nba.com/player/1631101/shaedon-sharpe/,https://cdn.nba.com/headshots/nba/latest/260x190/1631101.png
https://www.nba.com/player/1642347/jamal-shead/,https://cdn.nba.com/headshots/nba/latest/260x190/1642347.png
https://www.nba.com/player/1641767/ben-sheppard/,https://cdn.nba.com/headshots/nba/latest/260x190/1641767.png
https://www.nba.com/player/1642263/reed-sheppard/,https://cdn.nba.com/headshots/nba/latest/260x190/1642263.png
https://www.nba.com/player/1642917/max-shulga/,https://cdn.nba.com/headshots/nba/latest/260x190/1642917.png
https://www.nba.com/player/1627783/pascal-siakam/,https://cdn.nba.com/headshots/nba/latest/260x190/1627783.png
https://www.nba.com/player/1629014/anfernee-simons/,https://cdn.nba.com/headshots/nba/latest/260x190/1629014.png
https://www.nba.com/player/1642354/kj-simpson/,https://cdn.nba.com/headshots/nba/latest/260x190/1642354.png
https://www.nba.com/player/1630579/jericho-sims/,https://cdn.nba.com/headshots/nba/latest/260x190/1630579.png
https://www.nba.com/player/1641771/jalen-slawson/,https://cdn.nba.com/headshots/nba/latest/260x190/1641771.png
https://www.nba.com/player/1642914/javon-small/,https://cdn.nba.com/headshots/nba/latest/260x190/1642914.png
https://www.nba.com/player/203935/marcus-smart/,https://cdn.nba.com/headshots/nba/latest/260x190/203935.png
https://www.nba.com/player/1630696/dru-smith/,https://cdn.nba.com/headshots/nba/latest/260x190/1630696.png
https://www.nba.com/player/1630188/jalen-smith/,https://cdn.nba.com/headshots/nba/latest/260x190/1630188.png
https://www.nba.com/player/1641869/malachi-smith/,https://cdn.nba.com/headshots/nba/latest/260x190/1641869.png
https://www.nba.com/player/1642449/tolu-smith/,https://cdn.nba.com/headshots/nba/latest/260x190/1642449.png
https://www.nba.com/player/1641890/tyler-smith/,https://cdn.nba.com/headshots/nba/latest/260x190/1641890.png
https://www.nba.com/player/1631095/jabari-smith-jr/,https://cdn.nba.com/headshots/nba/latest/260x190/1631095.png
https://www.nba.com/player/1641733/nick-smith-jr/,https://cdn.nba.com/headshots/nba/latest/260x190/1641733.png
https://www.nba.com/player/1631110/jeremy-sochan/,https://cdn.nba.com/headshots/nba/latest/260x190/1631110.png
https://www.nba.com/player/1642850/thomas-sorber/,https://cdn.nba.com/headshots/nba/latest/260x190/1642850.png
https://www.nba.com/player/1642285/cam-spencer/,https://cdn.nba.com/headshots/nba/latest/260x190/1642285.png
https://www.nba.com/player/1630311/pat-spencer/,https://cdn.nba.com/headshots/nba/latest/260x190/1630311.png
https://www.nba.com/player/1641815/isaiah-stevens/,https://cdn.nba.com/headshots/nba/latest/260x190/1641815.png
https://www.nba.com/player/1630191/isaiah-stewart/,https://cdn.nba.com/headshots/nba/latest/260x190/1630191.png
https://www.nba.com/player/1631124/julian-strawther/,https://cdn.nba.com/headshots/nba/latest/260x190/1631124.png
https://www.nba.com/player/1629622/max-strus/,https://cdn.nba.com/headshots/nba/latest/260x190/1629622.png
https://www.nba.com/player/1630591/jalen-suggs/,https://cdn.nba.com/headshots/nba/latest/260x190/1630591.png
https://www.nba.com/player/1630256/jaesean-tate/,https://cdn.nba.com/headshots/nba/latest/260x190/1630256.png
https://www.nba.com/player/1628369/jayson-tatum/,https://cdn.nba.com/headshots/nba/latest/260x190/1628369.png
https://www.nba.com/player/1643141/jahmyl-telfort/,https://cdn.nba.com/headshots/nba/latest/260x190/1643141.png
https://www.nba.com/player/202066/garrett-temple/,https://cdn.nba.com/headshots/nba/latest/260x190/202066.png
https://www.nba.com/player/1631207/dalen-terry/,https://cdn.nba.com/headshots/nba/latest/260x190/1631207.png
https://www.nba.com/player/1642876/adou-thiero/,https://cdn.nba.com/headshots/nba/latest/260x190/1642876.png
https://www.nba.com/player/1630560/cam-thomas/,https://cdn.nba.com/headshots/nba/latest/260x190/1630560.png
https://www.nba.com/player/1641708/amen-thompson/,https://cdn.nba.com/headshots/nba/latest/260x190/1641708.png
https://www.nba.com/player/1641709/ausar-thompson/,https://cdn.nba.com/headshots/nba/latest/260x190/1641709.png
https://www.nba.com/player/1630679/ethan-thompson/,https://cdn.nba.com/headshots/nba/latest/260x190/1630679.png
https://www.nba.com/player/202691/klay-thompson/,https://cdn.nba.com/headshots/nba/latest/260x190/202691.png
https://www.nba.com/player/1629680/matisse-thybulle/,https://cdn.nba.com/headshots/nba/latest/260x190/1629680.png
https://www.nba.com/player/1630214/xavier-tillman/,https://cdn.nba.com/headshots/nba/latest/260x190/1630214.png
https://www.nba.com/player/1631166/drew-timme/,https://cdn.nba.com/headshots/nba/latest/260x190/1631166.png
https://www.nba.com/player/1641772/naeqwan-tomlin/,https://cdn.nba.com/headshots/nba/latest/260x190/1641772.png
https://www.nba.com/player/1642910/john-tonje/,https://cdn.nba.com/headshots/nba/latest/260x190/1642910.png
https://www.nba.com/player/1642260/nikola-topic/,https://cdn.nba.com/headshots/nba/latest/260x190/1642260.png
https://www.nba.com/player/1631210/jacob-toppin/,https://cdn.nba.com/headshots/nba/latest/260x190/1631210.png
https://www.nba.com/player/1630167/obi-toppin/,https://cdn.nba.com/headshots/nba/latest/260x190/1630167.png
https://www.nba.com/player/1626157/karl-anthony-towns/,https://cdn.nba.com/headshots/nba/latest/260x190/1626157.png
https://www.nba.com/player/1642849/nolan-traore/,https://cdn.nba.com/headshots/nba/latest/260x190/1642849.png
https://www.nba.com/player/1631247/luke-travers/,https://cdn.nba.com/headshots/nba/latest/260x190/1631247.png
https://www.nba.com/player/1629018/gary-trent-jr/,https://cdn.nba.com/headshots/nba/latest/260x190/1629018.png
https://www.nba.com/player/1631131/oscar-tshiebwe/,https://cdn.nba.com/headshots/nba/latest/260x190/1631131.png
https://www.nba.com/player/1626167/myles-turner/,https://cdn.nba.com/headshots/nba/latest/260x190/1626167.png
https://www.nba.com/player/1641816/hunter-tyson/,https://cdn.nba.com/headshots/nba/latest/260x190/1641816.png
https://www.nba.com/player/1642281/jaylon-tyson/,https://cdn.nba.com/headshots/nba/latest/260x190/1642281.png
https://www.nba.com/player/1630649/stanley-umude/,https://cdn.nba.com/headshots/nba/latest/260x190/1630649.png
https://www.nba.com/player/202685/jonas-valanciunas/,https://cdn.nba.com/headshots/nba/latest/260x190/202685.png
https://www.nba.com/player/1629020/jarred-vanderbilt/,https://cdn.nba.com/headshots/nba/latest/260x190/1629020.png
https://www.nba.com/player/1627832/fred-vanvleet/,https://cdn.nba.com/headshots/nba/latest/260x190/1627832.png
https://www.nba.com/player/1630170/devin-vassell/,https://cdn.nba.com/headshots/nba/latest/260x190/1630170.png
https://www.nba.com/player/1629216/gabe-vincent/,https://cdn.nba.com/headshots/nba/latest/260x190/1629216.png
https://www.nba.com/player/202696/nikola-vucevic/,https://cdn.nba.com/headshots/nba/latest/260x190/202696.png
https://www.nba.com/player/1641774/tristan-vukcevic/,https://cdn.nba.com/headshots/nba/latest/260x190/1641774.png
https://www.nba.com/player/1629731/dean-wade/,https://cdn.nba.com/headshots/nba/latest/260x190/1629731.png
https://www.nba.com/player/1630532/franz-wagner/,https://cdn.nba.com/headshots/nba/latest/260x190/1630532.png
https://www.nba.com/player/1629021/moritz-wagner/,https://cdn.nba.com/headshots/nba/latest/260x190/1629021.png
https://www.nba.com/player/1631133/jabari-walker/,https://cdn.nba.com/headshots/nba/latest/260x190/1631133.png
https://www.nba.com/player/1641716/jarace-walker/,https://cdn.nba.com/headshots/nba/latest/260x190/1641716.png
https://www.nba.com/player/1641717/cason-wallace/,https://cdn.nba.com/headshots/nba/latest/260x190/1641717.png
https://www.nba.com/player/1630811/keaton-wallace/,https://cdn.nba.com/headshots/nba/latest/260x190/1630811.png
https://www.nba.com/player/1641775/jordan-walsh/,https://cdn.nba.com/headshots/nba/latest/260x190/1641775.png
https://www.nba.com/player/1642266/jakobe-walter/,https://cdn.nba.com/headshots/nba/latest/260x190/1642266.png
https://www.nba.com/player/1642276/kelel-ware/,https://cdn.nba.com/headshots/nba/latest/260x190/1642276.png
https://www.nba.com/player/1629023/pj-washington/,https://cdn.nba.com/headshots/nba/latest/260x190/1629023.png
https://www.nba.com/player/1631102/tyty-washington-jr/,https://cdn.nba.com/headshots/nba/latest/260x190/1631102.png
https://www.nba.com/player/1630322/lindy-waters-iii/,https://cdn.nba.com/headshots/nba/latest/260x190/1630322.png
https://www.nba.com/player/1630570/trendon-watford/,https://cdn.nba.com/headshots/nba/latest/260x190/1630570.png
https://www.nba.com/player/1642364/jamir-watkins/,https://cdn.nba.com/headshots/nba/latest/260x190/1642364.png
https://www.nba.com/player/1631212/peyton-watson/,https://cdn.nba.com/headshots/nba/latest/260x190/1631212.png
https://www.nba.com/player/1642377/jaylen-wells/,https://cdn.nba.com/headshots/nba/latest/260x190/1642377.png
https://www.nba.com/player/1641705/victor-wembanyama/,https://cdn.nba.com/headshots/nba/latest/260x190/1641705.png
https://www.nba.com/player/1631104/blake-wesley/,https://cdn.nba.com/headshots/nba/latest/260x190/1631104.png
https://www.nba.com/player/201566/russell-westbrook/,https://cdn.nba.com/headshots/nba/latest/260x190/201566.png
https://www.nba.com/player/1629632/coby-white/,https://cdn.nba.com/headshots/nba/latest/260x190/1629632.png
https://www.nba.com/player/1628401/derrick-white/,https://cdn.nba.com/headshots/nba/latest/260x190/1628401.png
https://www.nba.com/player/1641727/dariq-whitehead/,https://cdn.nba.com/headshots/nba/latest/260x190/1641727.png
https://www.nba.com/player/1641715/cam-whitmore/,https://cdn.nba.com/headshots/nba/latest/260x190/1641715.png
https://www.nba.com/player/1630598/aaron-wiggins/,https://cdn.nba.com/headshots/nba/latest/260x190/1630598.png
https://www.nba.com/player/203952/andrew-wiggins/,https://cdn.nba.com/headshots/nba/latest/260x190/203952.png
https://www.nba.com/player/1631214/alondes-williams/,https://cdn.nba.com/headshots/nba/latest/260x190/1631214.png
https://www.nba.com/player/1642873/amari-williams/,https://cdn.nba.com/headshots/nba/latest/260x190/1642873.png
https://www.nba.com/player/1630314/brandon-williams/,https://cdn.nba.com/headshots/nba/latest/260x190/1630314.png
https://www.nba.com/player/1642262/cody-williams/,https://cdn.nba.com/headshots/nba/latest/260x190/1642262.png
https://www.nba.com/player/1629684/grant-williams/,https://cdn.nba.com/headshots/nba/latest/260x190/1629684.png
https://www.nba.com/player/1631114/jalen-williams/,https://cdn.nba.com/headshots/nba/latest/260x190/1631114.png
https://www.nba.com/player/1631119/jaylin-williams/,https://cdn.nba.com/headshots/nba/latest/260x190/1631119.png
https://www.nba.com/player/1629026/kenrich-williams/,https://cdn.nba.com/headshots/nba/latest/260x190/1629026.png
https://www.nba.com/player/1631109/mark-williams/,https://cdn.nba.com/headshots/nba/latest/260x190/1631109.png
https://www.nba.com/player/1631466/nate-williams/,https://cdn.nba.com/headshots/nba/latest/260x190/1631466.png
https://www.nba.com/player/1630172/patrick-williams/,https://cdn.nba.com/headshots/nba/latest/260x190/1630172.png
https://www.nba.com/player/1630533/ziaire-williams/,https://cdn.nba.com/headshots/nba/latest/260x190/1630533.png
https://www.nba.com/player/1629057/robert-williams-iii/,https://cdn.nba.com/headshots/nba/latest/260x190/1629057.png
https://www.nba.com/player/1631246/vince-williams-jr/,https://cdn.nba.com/headshots/nba/latest/260x190/1631246.png
https://www.nba.com/player/1631351/lucas-williamson/,https://cdn.nba.com/headshots/nba/latest/260x190/1631351.png
https://www.nba.com/player/1629627/zion-williamson/,https://cdn.nba.com/headshots/nba/latest/260x190/1629627.png
https://www.nba.com/player/1630592/jalen-wilson/,https://cdn.nba.com/headshots/nba/latest/260x190/1630592.png
https://www.nba.com/player/1630164/james-wiseman/,https://cdn.nba.com/headshots/nba/latest/260x190/1630164.png
https://www.nba.com/player/1642874/danny-wolf/,https://cdn.nba.com/headshots/nba/latest/260x190/1642874.png
https://www.nba.com/player/1627824/guerschon-yabusele/,https://cdn.nba.com/headshots/nba/latest/260x190/1627824.png
https://www.nba.com/player/1642905/yang-hansen/,https://cdn.nba.com/headshots/nba/latest/260x190/1642905.png
https://www.nba.com/player/1642443/jahmir-young/,https://cdn.nba.com/headshots/nba/latest/260x190/1642443.png
https://www.nba.com/player/1629027/trae-young/,https://cdn.nba.com/headshots/nba/latest/260x190/1629027.png
https://www.nba.com/player/1642959/chris-youngblood/,https://cdn.nba.com/headshots/nba/latest/260x190/1642959.png
https://www.nba.com/player/1630209/omer-yurtseven/,https://cdn.nba.com/headshots/nba/latest/260x190/1630209.png
https://www.nba.com/player/1642911/rocco-zikarsky/,https://cdn.nba.com/headshots/nba/latest/260x190/1642911.png
https://www.nba.com/player/1627826/ivica-zubac/,https://cdn.nba.com/headshots/nba/latest/260x190/1627826.png
